{"kappa": 1.0923885240946882, "mu": 2.063811218217505, "sigma_max": 24.843167967289126, "q": 600, "r": 4, "L": 6, "m": 198, "n": 600, "m_L": 33}